화재	전기적 요인	발화	2019년 8월 30일 금요일 23시 47분경 충청북도 충주시에 위치한 접착제 원료 등 생산공장에서 <e1>전기적 요인</e1>에 의한 <e2>발화</e2>로 추정되는 화재가 발생하였다.
화재	전기적 요인	화재가 발생	2019년 8월 30일 금요일 23시 47분경 충청북도 충주시에 위치한 접착제 원료 등 생산공장에서 <e1>전기적 요인</e1>에 의한 발화로 추정되는 <e2>화재가 발생</e2>하였다.
화재	전기적 요인	발화	￭  발화원인 : <e1>전기적 요인</e1>에 의한 <e2>발화</e2>추정
폭발	가스누출	폭발	- NCC 공장동의 압축공정 내 압축기(3단) 하부의 벨로우즈가 파손된 상태임을 확인된바에 따라 압축기에서 <e1>가스누출</e1> 후 <e2>폭발</e2>한 것으로 추정됨
폭발	가스누출	폭발	화재발생 및 폭발 당시 압축기 3단 배관에서 <e1>가스누출</e1> 감지기 작동 후 <e2>폭발</e2>
폭발	용접불티	가연성혼합기(가연성 가스 및 분진 등)가 폭발	용접작업을  하던 중 발생한  <e1>용접불티</e1>에 의해 저장고에  잔존하는 <e2>가연성혼합기(가연성 가스 및 분진 등)가 폭발</e2>한 것으로 추정함.
폭발	용접  불티	가연성혼합기(분진등)가 폭발	-  사고가  발생한  저장고(SILO)는  고밀도폴리에틸렌의  중간제품인  FULFFF(분말상태)를 저장하는 저장고이며, 저장고(SILO)의 내부검사를 위해 맨홀을 뚫고, 그라인드 작업을 한 후, 보강판을 설치하기 위해 용접작업을 하던  중  발생한  <e1>용접  불티</e1>에  의해  저장고에  잔존하는  <e2>가연성혼합기(분진등)가 폭발</e2>한 것으로 추정됨.
화재	페트병  속의  휘발유	화재가 발생	사고당일 반월당역을 출발한 전동차(1079호)가 9시 52분 경 중앙로역에 들어설 무렵,  6량의객차 중 2호 객차 안에서 정신질환자인 김모씨(57,  무직)가 휘발유가 든 페트병에 라이터로불을  붙이려  하였고,  주변의  승객  서너  명과  승강이를  하던  중  <e1>페트병  속의  휘발유</e1>에불이 붙자 김모씨가 이 불 붙은 페트병을 집어던짐으로써 휘발유가 주변으로 튀고 쏟아져삽시간에 큰 불길로 번지는 <e2>화재가 발생</e2>하였음.
화재	불 붙은 페트병	화재가 발생	사고당일 반월당역을 출발한 전동차(1079호)가 9시 52분 경 중앙로역에 들어설 무렵,  6량의객차 중 2호 객차 안에서 정신질환자인 김모씨(57,  무직)가 휘발유가 든 페트병에 라이터로불을  붙이려  하였고,  주변의  승객  서너  명과  승강이를  하던  중  페트병  속의  휘발유에불이 붙자 김모씨가 이 <e1>불 붙은 페트병</e1>을 집어던짐으로써 휘발유가 주변으로 튀고 쏟아져삽시간에 큰 불길로 번지는 <e2>화재가 발생</e2>하였음.
화재	휘발유	화재가 발생	사고당일 반월당역을 출발한 전동차(1079호)가 9시 52분 경 중앙로역에 들어설 무렵,  6량의객차 중 2호 객차 안에서 정신질환자인 김모씨(57,  무직)가 휘발유가 든 페트병에 라이터로불을  붙이려  하였고,  주변의  승객  서너  명과  승강이를  하던  중  페트병  속의  휘발유에불이 붙자 김모씨가 이 불 붙은 페트병을 집어던짐으로써 <e1>휘발유</e1>가 주변으로 튀고 쏟아져삽시간에 큰 불길로 번지는 <e2>화재가 발생</e2>하였음.
화재	실화	화재가  발생	2017년 12월 21일 목요일 오후 충청북도 제천시에 위치한 스포츠센터에서  <e1>실화</e1>로  추정되는  <e2>화재가  발생</e2>하였다.
화재	불붙은 스티로폼	발화	3) “제천 화재 1층 천장 <e1>불붙은 스티로폼</e1> 차량에 떨어져 <e2>발화</e2>”, 연합뉴스, 2017년 12월 22일
화재	전기합선	화재가 발생	2018년 1월 28일 금요일 오전 7시 32분경 경상남도 밀양시에 위치한 병원에서 <e1>전기합선</e1>으로 추정되는 <e2>화재가 발생</e2>하였다.
화재	전기적	발화	화재는 본관동 1층 응급실 내 탕비실 천장에서 최초 <e2>발화</e2>되었으며, 화재원인은 <e1>전기적</e1>인원인으로 추정된다.
화재	전기난로	화재가발생	2018년 11월 19일 월요일 오전 4시 48분경 서울특별시 종로구에 위치한 고시원에서 <e1>전기난로</e1> 사용 부주의로 추정되는 <e2>화재가발생</e2>하였다.
화재	전기적	화재가 발생	2018년 8월 21일 화요일 오후 3시 43분경 인천광역시 남동구에위치한 전자공장에서 <e1>전기적</e1>인 원인으로 추정되는 <e2>화재가 발생</e2>하였다.
화재	전기적 요인	발화	○  <e1>전기적 요인</e1>이 <e2>발화</e2>원인으로 추정됨
화재	배터리 열폭주	사고가 발생	2019년 1월 21일 월요일 오전 9시 26분경 울산광역시 남구에 위치한 ESS가 설치된 공장에서 <e1>배터리 열폭주</e1>로 추정되는 <e2>사고가 발생</e2>하였다.
화재	정전기 화재	사고가 발생	2019년 1월 10일 목요일 오전 5시 53분경 경상북도 성주에 위치한 스티로폼 공장에서 <e1>정전기 화재</e1>로 추정되는 <e2>사고가 발생</e2>하였다.
화재	스티로폼 간 마찰	스티로폼에 착화	○ 지게차로 생산품(스티로폼)을 이송 중에 지게차에 적재된 <e1>스티로폼 간 마찰</e1>로 발생된 정전기에 스티로폼 주변에 잔류하고 있던 가연성 가스 및 <e2>스티로폼에 착화</e2>·발화된 것으로 추정됨
화재	정전기	스티로폼에 착화	○ 지게차로 생산품(스티로폼)을 이송 중에 지게차에 적재된 스티로폼 간 마찰로 발생된 <e1>정전기</e1>에 스티로폼 주변에 잔류하고 있던 가연성 가스 및 <e2>스티로폼에 착화</e2>·발화된 것으로 추정됨
화재	가연성 가스	스티로폼에 착화	○ 지게차로 생산품(스티로폼)을 이송 중에 지게차에 적재된 스티로폼 간 마찰로 발생된 정전기에 스티로폼 주변에 잔류하고 있던 <e1>가연성 가스</e1> 및 <e2>스티로폼에 착화</e2>·발화된 것으로 추정됨
화재	스티로폼 간 마찰	발화	○ 지게차로 생산품(스티로폼)을 이송 중에 지게차에 적재된 <e1>스티로폼 간 마찰</e1>로 발생된 정전기에 스티로폼 주변에 잔류하고 있던 가연성 가스 및 스티로폼에 착화·<e2>발화</e2>된 것으로 추정됨
화재	정전기	발화	○ 지게차로 생산품(스티로폼)을 이송 중에 지게차에 적재된 스티로폼 간 마찰로 발생된 <e1>정전기</e1>에 스티로폼 주변에 잔류하고 있던 가연성 가스 및 스티로폼에 착화·<e2>발화</e2>된 것으로 추정됨
화재	가연성 가스	발화	○ 지게차로 생산품(스티로폼)을 이송 중에 지게차에 적재된 스티로폼 간 마찰로 발생된 정전기에 스티로폼 주변에 잔류하고 있던 <e1>가연성 가스</e1> 및 스티로폼에 착화·<e2>발화</e2>된 것으로 추정됨
화재	자연발화원	제품박스 등에 착화	화재가 발생한 공장은 전자부품 생산공장이며, 구내에 협력업체로 입주해 있던 리튬건전지생산공장인 T사의 건전지 제품창고에서 <e1>자연발화원</e1>이 점화원이 되어 <e2>제품박스 등에 착화</e2>되어화재가 발생한 것으로 추정되었다.
화재	자연발화원	화재가 발생	화재가 발생한 공장은 전자부품 생산공장이며, 구내에 협력업체로 입주해 있던 리튬건전지생산공장인 T사의 건전지 제품창고에서 <e1>자연발화원</e1>이 점화원이 되어 제품박스 등에 착화되어<e2>화재가 발생</e2>한 것으로 추정되었다.
화재	절연체 약화	자연발화	이번 화재의 경우, 분전반과 내부 전열시설 자체에는 전기적 발열흔적 등 특이점이 없었으므로 전지 자체의 <e1>절연체 약화</e1>로 인한 <e2>자연발화</e2>로 급속한 연소가 일어난 것으로 추정되었다.
폭발	분말을 혼합	폭발이 발생	1999년 9월 18일 토요일 오전 10시 30분 경, S대학교 원자핵공학과실험실에서 플라즈마를 이용한 암반파쇄 실험을 위한 실험재료 제작 중알루미늄 분말과 산화구리 <e1>분말을 혼합</e1>하는 과정에서 원인을 알 수 없는<e2>폭발이 발생</e2>하여 3명이 사망하고 1명이 중상을 입었다.
폭발	분말을 혼합	폭발이 발생	폭발사고가 발생한 장소는 이 학교 원자핵공학과 프라즈마 실험실이었으며, 대학원생 10여명과 담당 교수가 플라즈마를 이용한 암반파쇄 실험을 위한 실험재료 제작 중 알루미늄 분말과 산화구리 <e1>분말을 혼합</e1>하는 과정에서 원인을 알 수 없는 기폭원에 의하여 <e2>폭발이 발생</e2>하였다.
폭발	기폭원	폭발이 발생	폭발사고가 발생한 장소는 이 학교 원자핵공학과 프라즈마 실험실이었으며, 대학원생 10여명과 담당 교수가 플라즈마를 이용한 암반파쇄 실험을 위한 실험재료 제작 중 알루미늄 분말과 산화구리 분말을 혼합하는 과정에서 원인을 알 수 없는 <e1>기폭원</e1>에 의하여 <e2>폭발이 발생</e2>하였다.
폭발	혼합분말의 급격한 연소	폭발	합기가 위치한 지점이며, 폭발 현장의 양상은 바닥에 폭발로 인해 패인 곳이 형성되지 않고,폭발 잔해에서 폭약류 및 화약류 등의 성분이 포함되지 않는 등 일반적인 폭발물의 폭발은 아니었으며, 폭발 잔해에 알루미늄과 구리가 용융 고착되어 있는 점 등으로 보아 알루미늄과 산화구리 <e1>혼합분말의 급격한 연소</e1>에 의한 <e2>폭발</e2>로 추정되었다.
화재	신나	화염	화재는 10월 25일부터 내부수리 중인 상가건물 지하층 노래방 공사현장에서 화재발생 당일(10월 30일) 뒤처리 청소를 하던 아르바이트생 임모군과 김모군이 청소를 하다 신나와 석유 중어느 것이 불이 더 잘 붙을까 이야기를 나누던 중 김군이 <e1>신나</e1>를 바닥에 뿌려 놓고 라이터로 불을 붙이는 순간 걷잡을 수 없이 커져 <e2>화염</e2>이 지하실 전체에 번졌다.
화재	라이터	화염	화재는 10월 25일부터 내부수리 중인 상가건물 지하층 노래방 공사현장에서 화재발생 당일(10월 30일) 뒤처리 청소를 하던 아르바이트생 임모군과 김모군이 청소를 하다 신나와 석유 중어느 것이 불이 더 잘 붙을까 이야기를 나누던 중 김군이 신나를 바닥에 뿌려 놓고 <e1>라이터</e1>로 불을 붙이는 순간 걷잡을 수 없이 커져 <e2>화염</e2>이 지하실 전체에 번졌다.
화재	용접불티	발화	1999년 12월 19일 일요일 낮 12시 20분 경, 집진장치의 증설 공사중<e1>용접불티</e1>에 의해 FRP재질의 집진기에서 <e2>발화</e2>하여 화재가 점차 확대되어1층 도장작업장의 일부와 2층 작업장 전체가 소실되었다.
화재	용접불티	발화	사다리 용접작업 중에 발생된 <e1>용접불티</e1>중 일부가 집진기 내부로 들어가 <e2>발화</e2>된 후 훈소화재로 수 시간 동안 아주 서서히화재가 성장하여 집진기 덕트를 통하여 건물 1층 내부로 연소확대되었다.
화재	절연접속함의 합선	화재가 발생	2000년 2월 18일 금요일 오후 8시 20분 경, 서울 영등포구 소재 B아파트 앞 지하공동구에서 송전선 구간에 설치된 <e1>절연접속함의 합선</e1>에 의해<e2>화재가 발생</e2>하여 이 일대 아파트단지와 대형건물 등에서 전기와 난방이끊겼으며 전화와 통신망도 3일 가량 두절되어 이 일대에 다수 분포되어있는 금융회사들의 영업이 중단되는 등 많은 불편과 피해를 입혔다.
화재	과전류	발화	단락, 지락 등에 의한 <e1>과전류</e1> 및 아아크에 의한 <e2>발화</e2>
화재	아아크	발화	단락, 지락 등에 의한 과전류 및 <e1>아아크</e1>에 의한 <e2>발화</e2>
화재	과부하	발화	케이블의 허용전류 이상의 <e1>과부하</e1> 사용으로 인한 온도상승에 의한 <e2>발화</e2>다.
화재	온도상승	발화	케이블의 허용전류 이상의 과부하 사용으로 인한 <e1>온도상승</e1>에 의한 <e2>발화</e2>다.
화재	접속불량	발화	도체의 <e1>접속불량</e1>으로 인한 온도상승에 의한 <e2>발화</e2>
화재	온도상승	발화	도체의 접속불량으로 인한 <e1>온도상승</e1>에 의한 <e2>발화</e2>
화재	절연물의 손상	발화	<e1>절연물의 손상</e1>, 열화 등으로 인한 절연파괴에 의한 <e2>발화</e2>마.
화재	열화	발화	절연물의 손상, <e1>열화</e1> 등으로 인한 절연파괴에 의한 <e2>발화</e2>마.
화재	절연파괴	발화	절연물의 손상, 열화 등으로 인한 <e1>절연파괴</e1>에 의한 <e2>발화</e2>마.
화재	개폐작업시 발생한 고전압	불꽃	이번 화재는 지하공동구 내의 송전선의 연결부분을 감싸는 절연접속함 내부의 절연유가 1년에 10여차례의 <e1>개폐작업시 발생한 고전압</e1>으로 절연성능이 떨어진 접속함 내부에 온도상승과 과도한 압력이 발생, 일부분이 파열되면서 접속함 내부에서 발생한 <e2>불꽃</e2>이 바깥으로 분출되는 절연유에 옮겨 붙으면서 바로 위에 있던 배전선로를 따라 화재가 발생한 것으로 추정되었다.
화재	절연성능이 떨어진 접속함	불꽃	이번 화재는 지하공동구 내의 송전선의 연결부분을 감싸는 절연접속함 내부의 절연유가 1년에 10여차례의 개폐작업시 발생한 고전압으로 <e1>절연성능이 떨어진 접속함</e1> 내부에 온도상승과 과도한 압력이 발생, 일부분이 파열되면서 접속함 내부에서 발생한 <e2>불꽃</e2>이 바깥으로 분출되는 절연유에 옮겨 붙으면서 바로 위에 있던 배전선로를 따라 화재가 발생한 것으로 추정되었다.
화재	온도상승	불꽃	이번 화재는 지하공동구 내의 송전선의 연결부분을 감싸는 절연접속함 내부의 절연유가 1년에 10여차례의 개폐작업시 발생한 고전압으로 절연성능이 떨어진 접속함 내부에 <e1>온도상승</e1>과 과도한 압력이 발생, 일부분이 파열되면서 접속함 내부에서 발생한 <e2>불꽃</e2>이 바깥으로 분출되는 절연유에 옮겨 붙으면서 바로 위에 있던 배전선로를 따라 화재가 발생한 것으로 추정되었다.
화재	과도한 압력	불꽃	이번 화재는 지하공동구 내의 송전선의 연결부분을 감싸는 절연접속함 내부의 절연유가 1년에 10여차례의 개폐작업시 발생한 고전압으로 절연성능이 떨어진 접속함 내부에 온도상승과 <e1>과도한 압력</e1>이 발생, 일부분이 파열되면서 접속함 내부에서 발생한 <e2>불꽃</e2>이 바깥으로 분출되는 절연유에 옮겨 붙으면서 바로 위에 있던 배전선로를 따라 화재가 발생한 것으로 추정되었다.
화재	일부분이 파열	불꽃	이번 화재는 지하공동구 내의 송전선의 연결부분을 감싸는 절연접속함 내부의 절연유가 1년에 10여차례의 개폐작업시 발생한 고전압으로 절연성능이 떨어진 접속함 내부에 온도상승과 과도한 압력이 발생, <e1>일부분이 파열</e1>되면서 접속함 내부에서 발생한 <e2>불꽃</e2>이 바깥으로 분출되는 절연유에 옮겨 붙으면서 바로 위에 있던 배전선로를 따라 화재가 발생한 것으로 추정되었다.
화재	개폐작업시 발생한 고전압	화재가 발생	이번 화재는 지하공동구 내의 송전선의 연결부분을 감싸는 절연접속함 내부의 절연유가 1년에 10여차례의 <e1>개폐작업시 발생한 고전압</e1>으로 절연성능이 떨어진 접속함 내부에 온도상승과 과도한 압력이 발생, 일부분이 파열되면서 접속함 내부에서 발생한 불꽃이 바깥으로 분출되는 절연유에 옮겨 붙으면서 바로 위에 있던 배전선로를 따라 <e2>화재가 발생</e2>한 것으로 추정되었다.
화재	절연성능이 떨어진 접속함	화재가 발생	이번 화재는 지하공동구 내의 송전선의 연결부분을 감싸는 절연접속함 내부의 절연유가 1년에 10여차례의 개폐작업시 발생한 고전압으로 <e1>절연성능이 떨어진 접속함</e1> 내부에 온도상승과 과도한 압력이 발생, 일부분이 파열되면서 접속함 내부에서 발생한 불꽃이 바깥으로 분출되는 절연유에 옮겨 붙으면서 바로 위에 있던 배전선로를 따라 <e2>화재가 발생</e2>한 것으로 추정되었다.
화재	온도상승	화재가 발생	이번 화재는 지하공동구 내의 송전선의 연결부분을 감싸는 절연접속함 내부의 절연유가 1년에 10여차례의 개폐작업시 발생한 고전압으로 절연성능이 떨어진 접속함 내부에 <e1>온도상승</e1>과 과도한 압력이 발생, 일부분이 파열되면서 접속함 내부에서 발생한 불꽃이 바깥으로 분출되는 절연유에 옮겨 붙으면서 바로 위에 있던 배전선로를 따라 <e2>화재가 발생</e2>한 것으로 추정되었다.
화재	과도한 압력	화재가 발생	이번 화재는 지하공동구 내의 송전선의 연결부분을 감싸는 절연접속함 내부의 절연유가 1년에 10여차례의 개폐작업시 발생한 고전압으로 절연성능이 떨어진 접속함 내부에 온도상승과 <e1>과도한 압력</e1>이 발생, 일부분이 파열되면서 접속함 내부에서 발생한 불꽃이 바깥으로 분출되는 절연유에 옮겨 붙으면서 바로 위에 있던 배전선로를 따라 <e2>화재가 발생</e2>한 것으로 추정되었다.
화재	일부분이 파열	화재가 발생	이번 화재는 지하공동구 내의 송전선의 연결부분을 감싸는 절연접속함 내부의 절연유가 1년에 10여차례의 개폐작업시 발생한 고전압으로 절연성능이 떨어진 접속함 내부에 온도상승과 과도한 압력이 발생, <e1>일부분이 파열</e1>되면서 접속함 내부에서 발생한 불꽃이 바깥으로 분출되는 절연유에 옮겨 붙으면서 바로 위에 있던 배전선로를 따라 <e2>화재가 발생</e2>한 것으로 추정되었다.
화재	금속부 마찰	발화	당시 상황을 근거로 추정할 수 있는 사고원인은 첫째, 펌프 축 메카니컬시일 또는 베어링Housing부 <e1>금속부 마찰</e1>에 의한 <e2>발화</e2>와 둘째, 펌프 전동기의 전기누전에 의한 발화로 분류해볼수 있으나, 두 번째의 용제 이송펌프 전동기에 공급되는 전기의 누전에 의한 발화 가능성은사용 전동기가 내압방폭구조이고 전동기 외함접지가 설치되어 있어 그 가능성이 상대적으로 적으므로 배제하고 첫 번째 원인을 주된 사고원인으로 보고 좀 더 구체적인 발화 과정을 예상해보면 다음과 같다.
화재	전기누전	발화	당시 상황을 근거로 추정할 수 있는 사고원인은 첫째, 펌프 축 메카니컬시일 또는 베어링Housing부 금속부 마찰에 의한 발화와 둘째, 펌프 전동기의 <e1>전기누전</e1>에 의한 <e2>발화</e2>로 분류해볼수 있으나, 두 번째의 용제 이송펌프 전동기에 공급되는 전기의 누전에 의한 발화 가능성은사용 전동기가 내압방폭구조이고 전동기 외함접지가 설치되어 있어 그 가능성이 상대적으로 적으므로 배제하고 첫 번째 원인을 주된 사고원인으로 보고 좀 더 구체적인 발화 과정을 예상해보면 다음과 같다.
화재	전기의 누전	발화	당시 상황을 근거로 추정할 수 있는 사고원인은 첫째, 펌프 축 메카니컬시일 또는 베어링Housing부 금속부 마찰에 의한 발화와 둘째, 펌프 전동기의 전기누전에 의한 발화로 분류해볼수 있으나, 두 번째의 용제 이송펌프 전동기에 공급되는 <e1>전기의 누전</e1>에 의한 <e2>발화</e2> 가능성은사용 전동기가 내압방폭구조이고 전동기 외함접지가 설치되어 있어 그 가능성이 상대적으로 적으므로 배제하고 첫 번째 원인을 주된 사고원인으로 보고 좀 더 구체적인 발화 과정을 예상해보면 다음과 같다.
화재	용제가 누설	발화	용제 혼합탱크 하부의 플렉시블 배관 연결부 또는 클램프로 체결된 배관 연결부위에서 <e1>용제가 누설</e1>되어 그 액체가 배관을 따라 펌프로 흘러 내려 펌프축 메카니컬시일 또는 베어링하우징부위에 용제가 스며들면서 펌프축과 시일면의 마찰 등에 의해 생성된 열이 내부에서 발산되지못하고 축열되면서 발화원으로 작용하여 시일면에서 <e2>발화</e2>된 것으로 추정된다.
화재	시일면의 마찰	발화	용제 혼합탱크 하부의 플렉시블 배관 연결부 또는 클램프로 체결된 배관 연결부위에서 용제가 누설되어 그 액체가 배관을 따라 펌프로 흘러 내려 펌프축 메카니컬시일 또는 베어링하우징부위에 용제가 스며들면서 펌프축과 <e1>시일면의 마찰</e1> 등에 의해 생성된 열이 내부에서 발산되지못하고 축열되면서 발화원으로 작용하여 시일면에서 <e2>발화</e2>된 것으로 추정된다.
화재	축열	발화	용제 혼합탱크 하부의 플렉시블 배관 연결부 또는 클램프로 체결된 배관 연결부위에서 용제가 누설되어 그 액체가 배관을 따라 펌프로 흘러 내려 펌프축 메카니컬시일 또는 베어링하우징부위에 용제가 스며들면서 펌프축과 시일면의 마찰 등에 의해 생성된 열이 내부에서 발산되지못하고 <e1>축열</e1>되면서 발화원으로 작용하여 시일면에서 <e2>발화</e2>된 것으로 추정된다.
폭발	MEK-PO 제조과정	폭발사고가 발생	2000년 8월 24일 목요일 오전 10시 12분 경, 경화제로 사용되는 유기과산화물인 <e1>MEK-PO 제조과정</e1>에서 대형 <e2>폭발사고가 발생</e2>하여 사망 6명,     부상 19명의 인명 피해가 발생하였고, 사고 공장건물 전체가 완전히붕괴되었으며, 인근 7개 공장이 일시 가동정지되거나 부분 파손되어 60여억원의 재산피해를 입었다.
폭발	온도가 상승	폭발	이후의 상세한 조작은 알 수 없으나 반응공정만 거친 MEK-PO생성물-Ⅱ가 중화조에서의공정을 거친 후 제품저장조로 이송과정중 용기내부에서 어떤 원인에 의해 <e1>온도가 상승</e1>함으로써내용물질의 급격한 분해와 압력상승으로 운전개시 1시간여만에 <e2>폭발</e2>·화재 사고가 발생하였다.
폭발	내용물질의 급격한 분해	폭발	이후의 상세한 조작은 알 수 없으나 반응공정만 거친 MEK-PO생성물-Ⅱ가 중화조에서의공정을 거친 후 제품저장조로 이송과정중 용기내부에서 어떤 원인에 의해 온도가 상승함으로써<e1>내용물질의 급격한 분해</e1>와 압력상승으로 운전개시 1시간여만에 <e2>폭발</e2>·화재 사고가 발생하였다.
폭발	압력상승	폭발	이후의 상세한 조작은 알 수 없으나 반응공정만 거친 MEK-PO생성물-Ⅱ가 중화조에서의공정을 거친 후 제품저장조로 이송과정중 용기내부에서 어떤 원인에 의해 온도가 상승함으로써내용물질의 급격한 분해와 <e1>압력상승</e1>으로 운전개시 1시간여만에 <e2>폭발</e2>·화재 사고가 발생하였다.
화재	온도가 상승	화재 사고가 발생	이후의 상세한 조작은 알 수 없으나 반응공정만 거친 MEK-PO생성물-Ⅱ가 중화조에서의공정을 거친 후 제품저장조로 이송과정중 용기내부에서 어떤 원인에 의해 <e1>온도가 상승</e1>함으로써내용물질의 급격한 분해와 압력상승으로 운전개시 1시간여만에 폭발·<e2>화재 사고가 발생</e2>하였다.
화재	내용물질의 급격한 분해	화재 사고가 발생	이후의 상세한 조작은 알 수 없으나 반응공정만 거친 MEK-PO생성물-Ⅱ가 중화조에서의공정을 거친 후 제품저장조로 이송과정중 용기내부에서 어떤 원인에 의해 온도가 상승함으로써<e1>내용물질의 급격한 분해</e1>와 압력상승으로 운전개시 1시간여만에 폭발·<e2>화재 사고가 발생</e2>하였다.
화재	압력상승	화재 사고가 발생	이후의 상세한 조작은 알 수 없으나 반응공정만 거친 MEK-PO생성물-Ⅱ가 중화조에서의공정을 거친 후 제품저장조로 이송과정중 용기내부에서 어떤 원인에 의해 온도가 상승함으로써내용물질의 급격한 분해와 <e1>압력상승</e1>으로 운전개시 1시간여만에 폭발·<e2>화재 사고가 발생</e2>하였다.
폭발	공기가 반응기안으로 유입	폭발이 발생	(나) 사고당시 운전자는 진공 유지를 위하여 파열판을 맹판(Blind Flange)으로 체결한 후운전을 시도하였으며 진공상태에서 반응기 내부온도가 상승하게 되자 조작자가 위험을 감지하고 스팀을 차단한 다음 벤트를 개방함으로써, 대기중의 <e1>공기가 반응기안으로 유입</e1>되어 순간적으로 가연성 증기가 폭발범위의 적정한 농도로 희석되면서 (1)에서 발생된 발화원에 의해  결국 반응기내에서 <e2>폭발이 발생</e2>된 것으로 추정된다.
폭발	가연성 증기	폭발이 발생	(나) 사고당시 운전자는 진공 유지를 위하여 파열판을 맹판(Blind Flange)으로 체결한 후운전을 시도하였으며 진공상태에서 반응기 내부온도가 상승하게 되자 조작자가 위험을 감지하고 스팀을 차단한 다음 벤트를 개방함으로써, 대기중의 공기가 반응기안으로 유입되어 순간적으로 <e1>가연성 증기</e1>가 폭발범위의 적정한 농도로 희석되면서 (1)에서 발생된 발화원에 의해  결국 반응기내에서 <e2>폭발이 발생</e2>된 것으로 추정된다.
폭발	방부제 원료물질을 재생	폭발	2000년 11월 2일 목요일 오후 5시 8분 경, 이 사업장의 A동(1공장)에서 <e1>방부제 원료물질을 재생</e1>하는 과정에서 <e2>폭발</e2>과 함께 화재가 발생하여 5명이 사망하고, 48명이 부상하였으며, 폭발 충격과 화재로 사고 건물 1개동의 지붕 등이 무너져 내리면서 완전 소실되었고, 인근 10여개 공장에도건물이 파손되거나 화재가 확대되어 일시 가동이 중단되었다.
화재	방부제 원료물질을 재생	화재가 발생	2000년 11월 2일 목요일 오후 5시 8분 경, 이 사업장의 A동(1공장)에서 <e1>방부제 원료물질을 재생</e1>하는 과정에서 폭발과 함께 <e2>화재가 발생</e2>하여 5명이 사망하고, 48명이 부상하였으며, 폭발 충격과 화재로 사고 건물 1개동의 지붕 등이 무너져 내리면서 완전 소실되었고, 인근 10여개 공장에도건물이 파손되거나 화재가 확대되어 일시 가동이 중단되었다.
화재	가열기	화재가 발생	2002년 3월 11일 월요일 오후 6시 30분 경, 이 회사 승용차용 타이어공장의 정련공정에서  천연고무 가온작업중 <e1>가열기</e1>에서 <e2>화재가 발생</e2>하였다.
화재	가열기 내부이상	발화	2002년 3월 11일 월요일 오후 6시 30분 경, 승용타이어 제조공장 정련공정의 2층 가온실의<e1>가열기 내부이상</e1>으로 처음 <e2>발화</e2>가 된 것을 현장의 작업자가 안전수칙을 무시하고 출입구를 열면서 정련공정 전체로 연소가 확대되었다.
화재	안전수칙을 무시	발화	2002년 3월 11일 월요일 오후 6시 30분 경, 승용타이어 제조공장 정련공정의 2층 가온실의가열기 내부이상으로 처음 <e2>발화</e2>가 된 것을 현장의 작업자가 <e1>안전수칙을 무시</e1>하고 출입구를 열면서 정련공정 전체로 연소가 확대되었다.
화재	가스난로 과열	화재가 발생	2000년 11월 11일 토요일 오전 05시 20분 경, 서울특별시 광진구 소재 K신경정신과 의원에서 <e1>가스난로 과열</e1>에 의한 <e2>화재가 발생</e2>하였다.
폭발	폭굉	사고가 발생	메탄올 정류탑의 운전정지 중에 탑의 상부(5단∼26단, 높이 약 7m)에서 <e1>폭굉</e1>으로 인한 <e2>사고가 발생</e2>하여 탑정∼4단은 지상에 떨어졌고, 5단∼26단은 파괴되었으며, 동체파편은 최대 1.3
폭발	과잉 메탄올	발열 분해폭발	회수메탄올에 미량 함유되어 있던 <e1>과잉 메탄올</e1>이 정류탑의 운전정지 중 탑 내에서 국부적으로 고농도로 농축되어 <e2>발열 분해폭발</e2>을 일으킨 것으로 추정되었다.
폭발	국부적으로 고농도로 농축	발열 분해폭발	회수메탄올에 미량 함유되어 있던 과잉 메탄올이 정류탑의 운전정지 중 탑 내에서 <e1>국부적으로 고농도로 농축</e1>되어 <e2>발열 분해폭발</e2>을 일으킨 것으로 추정되었다.
화재	용접작업 불티	화재가 발생	(Ecstasy)”호에서 <e1>용접작업 불티</e1>로 인한 <e2>화재가 발생</e2>했다.
화재	방화	발화	<e2>발화</e2>원인은 사실상 <e1>방화</e1>로 인한 것으로 판정되었으며, 발화장소는 이 건물의 남동쪽에 위치해 있는 계단에서 발화되었고 2층 계단실에 있는 문을 통해서 홀 안으로 확산되었다.
화재	전원 접속 불량	발화	냉각팬 측 <e1>전원 접속 불량</e1>으로 인한 <e2>발화</e2>
화재	기계적 에너지	발화	냉각팬의 <e1>기계적 에너지</e1>에 의한 <e2>발화</e2>
화재	고온 분위기	자연 발화	건조부 <e1>고온 분위기</e1>에 의한 <e2>자연 발화</e2>
화재	전기적 결함	발화	냉각팬의 <e1>전기적 결함</e1>으로 인해 <e2>발화</e2>한 후 전선 피복재 및 주변 분진으로 확산되었으며, 공기 유동에따라 배기구쪽으로 확산된 것으로 판단됨.
화재	유증기가 혼재	발화	건조부의 <e1>유증기가 혼재</e1>한 과열 분위기에서 <e2>발화</e2>하여 확산되었을 가능성이 있으나 이 경우 발화된 물
화재	과열	발화	건조부의 유증기가 혼재한 <e1>과열</e1> 분위기에서 <e2>발화</e2>하여 확산되었을 가능성이 있으나 이 경우 발화된 물
화재	마찰열	발화	<e1>마찰열</e1> 및 스파크와 같은 원인에 의한 <e2>발화</e2> 가능성은 낮은 것으로 판단됨.
화재	스파크	발화	마찰열 및 <e1>스파크</e1>와 같은 원인에 의한 <e2>발화</e2> 가능성은 낮은 것으로 판단됨.
화재	불티	화재가 발생	년 8월 13일 용접작업 도중에 <e1>불티</e1>로 인한 <e2>화재가 발생</e2>하여 20억원에 이르는 재산피해가 발생하였다.
화재	불티	가연물에 착화	용접 및 용단 작업 시에 발생하는 <e1>불티</e1>는 일정거리를 비산한 후 <e2>가연물에 착화</e2>하는 경우가 있다.
화재	고온 금속 조각	화재	용접 또는 용단된 <e1>고온 금속 조각</e1>은 가연성 물질 저장용기에서와 같이 주변의 인화성 혼합증기 또는저장용기 안의 가연성 물질과 접촉하여 <e2>화재</e2> 및 폭발을 발생시킨다.
화재	인화성 혼합증기	화재	용접 또는 용단된 고온 금속 조각은 가연성 물질 저장용기에서와 같이 주변의 <e1>인화성 혼합증기</e1> 또는저장용기 안의 가연성 물질과 접촉하여 <e2>화재</e2> 및 폭발을 발생시킨다.
화재	가연성 물질과 접촉	화재	용접 또는 용단된 고온 금속 조각은 가연성 물질 저장용기에서와 같이 주변의 인화성 혼합증기 또는저장용기 안의 <e1>가연성 물질과 접촉</e1>하여 <e2>화재</e2> 및 폭발을 발생시킨다.
폭발	고온 금속 조각	폭발을 발생	용접 또는 용단된 <e1>고온 금속 조각</e1>은 가연성 물질 저장용기에서와 같이 주변의 인화성 혼합증기 또는저장용기 안의 가연성 물질과 접촉하여 화재 및 <e2>폭발을 발생</e2>시킨다.
폭발	인화성 혼합증기	폭발을 발생	용접 또는 용단된 고온 금속 조각은 가연성 물질 저장용기에서와 같이 주변의 <e1>인화성 혼합증기</e1> 또는저장용기 안의 가연성 물질과 접촉하여 화재 및 <e2>폭발을 발생</e2>시킨다.
폭발	가연성 물질과 접촉	폭발을 발생	용접 또는 용단된 고온 금속 조각은 가연성 물질 저장용기에서와 같이 주변의 인화성 혼합증기 또는저장용기 안의 <e1>가연성 물질과 접촉</e1>하여 화재 및 <e2>폭발을 발생</e2>시킨다.
화재	노후된 전선의 합선	발화	현장 조사 결과 2지구의 <e2>발화</e2>의 원인은 범진 홈패션 점포 통로바닥 및 천장 트레이에 설치된 전선에서 배전반 방향으로 다수의 단락흔이 식별됨에 따라, <e1>노후된 전선의 합선</e1>으로 순간적으로 발생한 고온의 아크열이전선피복 및 분진 등의 가연물에 착화한 것으로 추정된다.
화재	노후된 전선의 합선	가연물에 착화	현장 조사 결과 2지구의 발화의 원인은 범진 홈패션 점포 통로바닥 및 천장 트레이에 설치된 전선에서 배전반 방향으로 다수의 단락흔이 식별됨에 따라, <e1>노후된 전선의 합선</e1>으로 순간적으로 발생한 고온의 아크열이전선피복 및 분진 등의 <e2>가연물에 착화</e2>한 것으로 추정된다.
화재	고온의 아크열	발화	현장 조사 결과 2지구의 <e2>발화</e2>의 원인은 범진 홈패션 점포 통로바닥 및 천장 트레이에 설치된 전선에서 배전반 방향으로 다수의 단락흔이 식별됨에 따라, 노후된 전선의 합선으로 순간적으로 발생한 <e1>고온의 아크열</e1>이전선피복 및 분진 등의 가연물에 착화한 것으로 추정된다.
화재	고온의 아크열	가연물에 착화	현장 조사 결과 2지구의 발화의 원인은 범진 홈패션 점포 통로바닥 및 천장 트레이에 설치된 전선에서 배전반 방향으로 다수의 단락흔이 식별됨에 따라, 노후된 전선의 합선으로 순간적으로 발생한 <e1>고온의 아크열</e1>이전선피복 및 분진 등의 <e2>가연물에 착화</e2>한 것으로 추정된다.
화재	방화	사고가 발생	던 노래방 내부 룸에 <e1>방화</e1>를 하여 8명이 사망하고 12명이 중경상을 당하는 <e2>사고가 발생</e2>
화재	라이터	연소 확대	화재원인은 지하1층 노래방 업주가 화장지를 룸의 소파 위에 풀어놓고 <e1>라이터</e1>를 이용하여 방화1)한 것으로보고되고 있으며, 노래방 내부를 태우고 중앙계단을 통하여 지상층으로 <e2>연소 확대</e2>되었다.
화재	방화	연소 확대	화재원인은 지하1층 노래방 업주가 화장지를 룸의 소파 위에 풀어놓고 라이터를 이용하여 <e1>방화</e1>1)한 것으로보고되고 있으며, 노래방 내부를 태우고 중앙계단을 통하여 지상층으로 <e2>연소 확대</e2>되었다.
화재	불티	발화	곳은 화재발생 직전까지 쌓인 화약을 청소하지않았으며, 일본인 관광객 중 마지막 사격자가 사격을 가하자 사격 중에 발생된 <e1>불티</e1>가 바닥에 누적된 화약에 떨어지면서 <e2>발화</e2>되었었다.
화재	화약	발화	곳은 화재발생 직전까지 쌓인 화약을 청소하지않았으며, 일본인 관광객 중 마지막 사격자가 사격을 가하자 사격 중에 발생된 불티가 바닥에 누적된 <e1>화약</e1>에 떨어지면서 <e2>발화</e2>되었었다.
화재	쇠솥의 과열	가연물에 착화	화재는 장기 투숙객이 객실에서 밥을 짓기 위해 휴대용 가스버너에 쇠솥을 올려두고 잠깐 잠든 사이 <e1>쇠솥의 과열</e1>에 의한 복사열로 장판 및 주변 <e2>가연물에 착화</e2>되어 발생한 것으로 조사되었다.
화재	복사열	가연물에 착화	화재는 장기 투숙객이 객실에서 밥을 짓기 위해 휴대용 가스버너에 쇠솥을 올려두고 잠깐 잠든 사이 쇠솥의 과열에 의한 <e1>복사열</e1>로 장판 및 주변 <e2>가연물에 착화</e2>되어 발생한 것으로 조사되었다.
화재	실화	발화	<e2>발화</e2>지점의 소실상태가 심하고, 인화 및 연소물질이 발견되지 않았으며, 평소 노숙자들이 드나들었던 점으로 보아 <e1>실화</e1>로 추정되고 있다.
폭발	파열이 발생	폭발	의 P4363에서 <e1>파열이 발생</e1>하여 농도 90%의 에탄·프로판·부탄가스가 거대한 구름형태로 누출되었으며, 20~30초 후 가스가 점화되어 대규모 <e2>폭발</e2>과 화재가 발생하였다.
폭발	가스가 거대한 구름형태로 누출	폭발	의 P4363에서 파열이 발생하여 농도 90%의 에탄·프로판·부탄<e1>가스가 거대한 구름형태로 누출</e1>되었으며, 20~30초 후 가스가 점화되어 대규모 <e2>폭발</e2>과 화재가 발생하였다.
폭발	가스가 점화	폭발	의 P4363에서 파열이 발생하여 농도 90%의 에탄·프로판·부탄가스가 거대한 구름형태로 누출되었으며, 20~30초 후 <e1>가스가 점화</e1>되어 대규모 <e2>폭발</e2>과 화재가 발생하였다.
화재	파열이 발생	화재가 발생	의 P4363에서 <e1>파열이 발생</e1>하여 농도 90%의 에탄·프로판·부탄가스가 거대한 구름형태로 누출되었으며, 20~30초 후 가스가 점화되어 대규모 폭발과 <e2>화재가 발생</e2>하였다.
화재	가스가 거대한 구름형태로 누출	화재가 발생	의 P4363에서 파열이 발생하여 농도 90%의 에탄·프로판·부탄<e1>가스가 거대한 구름형태로 누출</e1>되었으며, 20~30초 후 가스가 점화되어 대규모 폭발과 <e2>화재가 발생</e2>하였다.
화재	가스가 점화	화재가 발생	의 P4363에서 파열이 발생하여 농도 90%의 에탄·프로판·부탄가스가 거대한 구름형태로 누출되었으며, 20~30초 후 <e1>가스가 점화</e1>되어 대규모 폭발과 <e2>화재가 발생</e2>하였다.
화재	히터의 결함	발화	화재조사 결과, 화재는 <e1>히터의 결함</e1>으로 발생한 과열로 인해 <e2>발화</e2>한것으로 밝혀졌다.
화재	과열	발화	화재조사 결과, 화재는 히터의 결함으로 발생한 <e1>과열</e1>로 인해 <e2>발화</e2>한것으로 밝혀졌다.
화재	송풍기가 과열	발화	『운전석 뒤쪽에 있는 뜨거운 공기를 배출하는 <e1>송풍기가 과열</e1>되어 있었으며, 유압장치에서 새어나온 오일이스며들면서 <e2>발화</e2>가 일어나고, 그로 인해 폭발적인 화재가 발생하였다.』
화재	송풍기가 과열	화재가 발생	『운전석 뒤쪽에 있는 뜨거운 공기를 배출하는 <e1>송풍기가 과열</e1>되어 있었으며, 유압장치에서 새어나온 오일이스며들면서 발화가 일어나고, 그로 인해 폭발적인 <e2>화재가 발생</e2>하였다.』
화재	새어나온 오일	발화	『운전석 뒤쪽에 있는 뜨거운 공기를 배출하는 송풍기가 과열되어 있었으며, 유압장치에서 <e1>새어나온 오일</e1>이스며들면서 <e2>발화</e2>가 일어나고, 그로 인해 폭발적인 화재가 발생하였다.』
화재	새어나온 오일	화재가 발생	『운전석 뒤쪽에 있는 뜨거운 공기를 배출하는 송풍기가 과열되어 있었으며, 유압장치에서 <e1>새어나온 오일</e1>이스며들면서 발화가 일어나고, 그로 인해 폭발적인 <e2>화재가 발생</e2>하였다.』
화재	불꽃발생장치	폴리우레탄폼을 점화	<e1>불꽃발생장치</e1>에서 뿜어져 나오는뜨거운 입자가 무대 뒤편 드럼이 위치한 반침(alcove)의 상부에 닿았고 순식간에 무대 양쪽의 <e2>폴리우레탄폼을 점화</e2>시켰다.
화재	뜨거운 입자	폴리우레탄폼을 점화	불꽃발생장치에서 뿜어져 나오는<e1>뜨거운 입자</e1>가 무대 뒤편 드럼이 위치한 반침(alcove)의 상부에 닿았고 순식간에 무대 양쪽의 <e2>폴리우레탄폼을 점화</e2>시켰다.
폭발	증기 구름	폭발	<e2>폭발</e2>의 원인이 된 <e1>증기 구름</e1>은 방유제 A 안의 912번 탱크에서 일어난 최초의 저유설비 손실로 인한 것
폭발	증기가 누출	폭발	<e2>폭발</e2>의 원인은 유조탱크에서 연료의 <e1>증기가 누출</e1>된 것이며, 이 사고로 43명이 부상을 입었으며 인접한 건물 및 시설에도 심각한 피해를 입혔다.
화재	마찰열	발화	사고 발생은 축 <e1>마찰열</e1>로 인한 구리스 <e2>발화</e2>, 헤드라이트 스위치 접점 불량으로 인한 발화, 점화플러그 불량으로 인한 미연소 혼합 가스 발화, 키박스 불량으로 인한 스타트 모터의 과열로 인한 것등이 있다.
화재	접점 불량	발화	사고 발생은 축 마찰열로 인한 구리스 발화, 헤드라이트 스위치 <e1>접점 불량</e1>으로 인한 <e2>발화</e2>, 점화플러그 불량으로 인한 미연소 혼합 가스 발화, 키박스 불량으로 인한 스타트 모터의 과열로 인한 것등이 있다.
화재	점화플러그 불량	발화	사고 발생은 축 마찰열로 인한 구리스 발화, 헤드라이트 스위치 접점 불량으로 인한 발화, <e1>점화플러그 불량</e1>으로 인한 미연소 혼합 가스 <e2>발화</e2>, 키박스 불량으로 인한 스타트 모터의 과열로 인한 것등이 있다.
화재	점화플러그 불량	발화	●발화원인 : <e1>점화플러그 불량</e1>으로 인한 미연소 혼합가스의 <e2>발화</e2>
화재	베어링이 파손	발화	현장조사의 실시 결과 이 화재의 발생 원인은 허브의 바깥쪽 <e1>베어링이 파손</e1>되었는데도 감지하지 못하고주행하였고, 축부분이 마찰에 의해 발열이 되어서 구리스가 <e2>발화</e2>된 것으로 판명되었다.
화재	마찰	발화	현장조사의 실시 결과 이 화재의 발생 원인은 허브의 바깥쪽 베어링이 파손되었는데도 감지하지 못하고주행하였고, 축부분이 <e1>마찰</e1>에 의해 발열이 되어서 구리스가 <e2>발화</e2>된 것으로 판명되었다.
화재	발열	발화	현장조사의 실시 결과 이 화재의 발생 원인은 허브의 바깥쪽 베어링이 파손되었는데도 감지하지 못하고주행하였고, 축부분이 마찰에 의해 <e1>발열</e1>이 되어서 구리스가 <e2>발화</e2>된 것으로 판명되었다.
화재	트래킹 현상	발화	관찰 및 감정 결과, 발화원인은 헤드라이트 스위치가「off」상태에서 <e2>발화</e2>하였기 때문에, 헤드라이트의 로터리식 스위치의 고정측과 회전측의 양 단자 간에서 <e1>트래킹 현상</e1>6)이 발생하여서, 시간의 경과와 함께 고정측 단자에 접속된 전기배선의 피복 및 단자를 고정한 합성수지에 착화한 것으로 판명되었다.
화재	트래킹 현상	합성수지에 착화	관찰 및 감정 결과, 발화원인은 헤드라이트 스위치가「off」상태에서 발화하였기 때문에, 헤드라이트의 로터리식 스위치의 고정측과 회전측의 양 단자 간에서 <e1>트래킹 현상</e1>6)이 발생하여서, 시간의 경과와 함께 고정측 단자에 접속된 전기배선의 피복 및 단자를 고정한 <e2>합성수지에 착화</e2>한 것으로 판명되었다.
화재	발열	우레탄 방진재에 착화	「start」에서「on」으로 되돌아가지 않아서, 시동모터에 기동전류가 흘러, 시동모터가 회전을 계속하여 모터코일에서 <e1>발열</e1>하고, <e2>우레탄 방진재에 착화</e2>되어 불이 붙은 것이다.
화재	가연성 가스	착화	목재의 인화점(약 240~270℃) 및 발화점(약 400~470℃)에 도달하여<e1>가연성 가스</e1>에 <e2>착화</e2>되면서 지속적인 연소조건이 형성된 것으로 판단된다.
화재	방화범	화재를 발생	난입한 <e1>방화범</e1>이 여러 곳에 <e2>화재를 발생</e2>시킴.
화재	전기난로 장시간사용	발화	CCTV 확인한바 건물 내부 전기난로부근에서 <e2>발화</e2>되어 건물 전체 연소 확대됨, <e1>전기난로 장시간사용</e1>에 의한 끌어들임선 단락에 의해 발생한 화재로 추정
화재	끌어들임선 단락	발화	CCTV 확인한바 건물 내부 전기난로부근에서 <e2>발화</e2>되어 건물 전체 연소 확대됨, 전기난로 장시간사용에 의한 <e1>끌어들임선 단락</e1>에 의해 발생한 화재로 추정
화재	용접 불티	화재가  시작	샌드위치패널과 문틀 형강을 용접 작업으로 접합하던 중, <e1>용접 불티</e1>와 고열에 의해 샌드위치패널내부의  스티로품  및  우레탄  폼에서  <e2>화재가  시작</e2>되었다.
화재	고열	화재가  시작	샌드위치패널과 문틀 형강을 용접 작업으로 접합하던 중, 용접 불티와 <e1>고열</e1>에 의해 샌드위치패널내부의  스티로품  및  우레탄  폼에서  <e2>화재가  시작</e2>되었다.
화재	용접 불티	발화	∙ 발화원인 : <e1>용접 불티</e1>로 인한 가연성 샌드위치패널 <e2>발화</e2>
화재	불티	발화	5일(금) 낮 12시경 지하 1층 연결통로 출입문용접작업 중 발생한 <e1>불티</e1>로 인하여 샌드위치패널벽체의 가연성 심재에서 <e2>발화</e2>되었다.
화재	전동기과열	화재발생	<e2>화재발생</e2>  원인은  공정설비의  <e1>전동기과열</e1>로  추정되어지며  공정설비가  전소되어  37억원  상당의재산피해가 발생한 사고이다.
화재	전원단자간 불완전접촉	분진류에 착화	추정되는 화재원인은 비드타워 하단부 호퍼용 전동기가 <e1>전원단자간 불완전접촉</e1>으로 과열됨에 따라불꽃방전에 기인하여 <e2>분진류에 착화</e2>된 후 비드타워 관로를 타고 건물전체로 연소 확산된 것으로 보고 있다.
화재	과열	분진류에 착화	추정되는 화재원인은 비드타워 하단부 호퍼용 전동기가 전원단자간 불완전접촉으로 <e1>과열</e1>됨에 따라불꽃방전에 기인하여 <e2>분진류에 착화</e2>된 후 비드타워 관로를 타고 건물전체로 연소 확산된 것으로 보고 있다.
화재	위험물질	발화	우지 및 스테아린산 등 <e1>위험물질</e1>이 지속적으로 누설되어 <e2>발화</e2>가 재연되었다.
화재	화학적 요인	화재가 발생	2008년 경기도 이천에서 발생한 두 차례의 물류창고 화재 이후, 2012년 8월 인천에 소재한 물류창고내에 위법하게 적재한 과황산나트륨에서 <e1>화학적 요인</e1>(자연발화)에 의한 대형<e2>화재가 발생</e2>하였다.
화재	온도가 급격히 상승	화재가 발생	결국 최고기온 34도 이상을 기록한 사고 당일, 창고 내 <e1>온도가 급격히 상승</e1>하면서 발열 반응이 일어났고과황산나트륨이 다른 물질과 접촉돼 <e2>화재가 발생</e2>했다고 경찰이 발표하였다.
화재	발열	화재가 발생	결국 최고기온 34도 이상을 기록한 사고 당일, 창고 내 온도가 급격히 상승하면서 <e1>발열</e1> 반응이 일어났고과황산나트륨이 다른 물질과 접촉돼 <e2>화재가 발생</e2>했다고 경찰이 발표하였다.
화재	과황산나트륨이 다른 물질과 접촉	화재가 발생	결국 최고기온 34도 이상을 기록한 사고 당일, 창고 내 온도가 급격히 상승하면서 발열 반응이 일어났고<e1>과황산나트륨이 다른 물질과 접촉</e1>돼 <e2>화재가 발생</e2>했다고 경찰이 발표하였다.
화재	전기적 요인	발화	팀장사무실 입구 부근에 놓여 있던 선풍기, 진공청소기, 마루청소기계(일명,돌돌이) 등이 소실된 채 식별되며, 미화원(남)에 의하면 멀티콘센트(4구)에 전원코드가 모두 꽂혀 있었다고진술하는 점 등 여러 정황으로 보아 <e1>전기적 요인</e1>에 의한 <e2>발화</e2> 가능성이 크다.
화재	담배꽁초	발화	사고의 원인은 밝혀지지 않았으나, 쓰레기 더미에서 <e2>발화</e2>가 시작된 것으로 볼 때 <e1>담배꽁초</e1>와 같이부주의로 인한 발화원 방치로 추정된다.
화재	부주의	발화	사고의 원인은 밝혀지지 않았으나, 쓰레기 더미에서 <e2>발화</e2>가 시작된 것으로 볼 때 담배꽁초와 같이<e1>부주의</e1>로 인한 발화원 방치로 추정된다.
화재	발화원 방치	발화	사고의 원인은 밝혀지지 않았으나, 쓰레기 더미에서 <e2>발화</e2>가 시작된 것으로 볼 때 담배꽁초와 같이부주의로 인한 <e1>발화원 방치</e1>로 추정된다.
화재	부주의	발화	화재의 원인은 명확히밝혀내지 못하였으나, 쓰레기 더미에서 <e2>발화</e2>한 점과 직원들의 흡연이 상시 있었던 점으로 볼 때 <e1>부주의</e1>하게버려진 담배꽁초로 추정할 뿐이다.
화재	담배꽁초	발화	화재의 원인은 명확히밝혀내지 못하였으나, 쓰레기 더미에서 <e2>발화</e2>한 점과 직원들의 흡연이 상시 있었던 점으로 볼 때 부주의하게버려진 <e1>담배꽁초</e1>로 추정할 뿐이다.
화재	설탕 분진	발화	설탕 결정들이 무빙 강철 컨베이어에서 이동 중에 막혀진 배출구 근처에서 흘러내려, <e1>설탕 분진</e1>이 구획된컨베이어 내 최소폭발농도 이상 축적되어 버렸고, 그 후에 <e2>발화</e2>되었다고 결론 내렸다.
화재	최소폭발농도 이상 축적	발화	설탕 결정들이 무빙 강철 컨베이어에서 이동 중에 막혀진 배출구 근처에서 흘러내려, 설탕 분진이 구획된컨베이어 내 <e1>최소폭발농도 이상 축적</e1>되어 버렸고, 그 후에 <e2>발화</e2>되었다고 결론 내렸다.
폭발	설탕분진을 점화	폭발이 발생	불명의 발화원이 <e1>설탕분진을 점화</e1>시켰고, 급격한 <e2>폭발이 발생</e2>하였다.
화재	가연성 기체	화재	2009년 5월 4일 0시 07분, 미국 베올리아 공장 쓰레기 재활용 처리 공정에서 생성된 <e1>가연성 기체</e1>에의해 <e2>화재</e2>·폭발 사고가 발생하였다.
폭발	가연성 기체	폭발 사고가 발생	2009년 5월 4일 0시 07분, 미국 베올리아 공장 쓰레기 재활용 처리 공정에서 생성된 <e1>가연성 기체</e1>에의해 화재·<e2>폭발 사고가 발생</e2>하였다.
화재	불꽃장치	화재가 시작	보도된 바에 따르면, 무대에 설치된 <e1>불꽃장치</e1>에서 발생한 불꽃이 주위 천정의 가연성 물질에 옮겨 붙어<e2>화재가 시작</e2>되었다
화재	불꽃	화재가 시작	보도된 바에 따르면, 무대에 설치된 불꽃장치에서 발생한 <e1>불꽃</e1>이 주위 천정의 가연성 물질에 옮겨 붙어<e2>화재가 시작</e2>되었다
화재	가연성 물질	화재가 시작	보도된 바에 따르면, 무대에 설치된 불꽃장치에서 발생한 불꽃이 주위 천정의 <e1>가연성 물질</e1>에 옮겨 붙어<e2>화재가 시작</e2>되었다
화재	석유난로	화재발생	∙ 발화원인 : 1층 식당 북서쪽에 있던 <e1>석유난로</e1> 상부 판에 미상의 요인에 의해 옷감류가 접촉되어 <e2>화재발생</e2>
화재	난로 상단에 옷감이 접촉	화재가 발생	화재원인은 미상의 요인에 의하여 <e1>난로 상단에 옷감이 접촉</e1>하여 <e2>화재가 발생</e2>한 것으로 판정하였다.
화재	방화관리가 미흡	화재가 발생	이 노인요양시설에서는 소화기, 유도등 및 간이화재경보설비도 설치돼 있어 일단 방화대책은 시행되고있었지만, 방화관리자가 선임돼 있었음에도 불구하고 소방계획 미제출로 소방용 설비 등의 점검보고도제출하지 않았다는 점에서 <e1>방화관리가 미흡</e1>해서 <e2>화재가 발생</e2>하였다고 생각되며, 수용자의 특징에 따른방화대책도 없었던 것으로 보인다.
화재	난로 근처에서 말리던 세탁물	화재가 발생	화재의 원인으로 <e1>난로 근처에서 말리던 세탁물</e1>이 타서 <e2>화재가 발생</e2>했다는 정보가 있었다.
화재	용접불티	화재가 발생	2010년  11월  15일  오후  2시경,  중국  상하이의  28층  고층아파트  리모델링  공사  중  10층  외벽부근에서 <e1>용접불티</e1>에 의한 <e2>화재가 발생</e2>하였다.
화재	미세한 금속분말	화재가 발생	승강기가 재가동되었을 때 장비의 진동으로 인해 <e1>미세한 금속분말</e1>이 공기 중으로 부유하였고, 이어순간적으로 <e2>화재가 발생</e2>하였다.
화재	불씨	분진에 착화	다수의 목격자가 공기 중에 떠있는 불씨를 보았고, 이 <e1>불씨</e1>가부유된 <e2>분진에 착화</e2>되어 화재가 발생하였다고 진술하였다.
화재	불씨	화재가 발생	다수의 목격자가 공기 중에 떠있는 불씨를 보았고, 이 <e1>불씨</e1>가부유된 분진에 착화되어 <e2>화재가 발생</e2>하였다고 진술하였다.
폭발	가연성 금속분진	폭발	2011년 미국 테네시주의 금속분말을 제조하는 공장에서 <e1>가연성 금속분진</e1>과 관련하여 3차례의 <e2>폭발</e2> 및화재사고가 발생하였다.
화재	가연성 금속분진	화재사고가 발생	2011년 미국 테네시주의 금속분말을 제조하는 공장에서 <e1>가연성 금속분진</e1>과 관련하여 3차례의 폭발 및<e2>화재사고가 발생</e2>하였다.
화재	전기관계	발화	발화장소가 14구획 내 북쪽으로 확인되어 이 범위를 기준으로 원인조사가 이뤄졌고, 발화원인으로는박스 내 상품에서의 발화, 방화, 검품기기 등을 포함한 <e1>전기관계</e1>에 의한 <e2>발화</e2>를 고려하였다.
화재	옷과 니트릴장갑에 t-BuLi이 튀면서	불꽃이 발생	연구원이 주사기를 이용하여 용기에 들어있는 t-BuLi을 채취하던 중 연구원의<e1>옷과 니트릴장갑에 t-BuLi이 튀면서</e1> <e2>불꽃이 발생</e2>함
화재	장갑과 스웨터에 t-BuLi이 튀면서	화재가 발생	합성섬유 재질의 스웨터를 입은 연구원이 실험복을 착용하지 않은 상태에서 공기접촉 시 자연 발화하는 성질을 가진 t-BuLi을 주사기로 채취하던 중 <e1>장갑과 스웨터에 t-BuLi이 튀면서</e1> <e2>화재가 발생</e2>함
폭발	가스가 누출	가스용기가 폭발	-질소가스를 찾기 위하여 10리터의 혼합가스(수소 27%, 공기 73%) 용기를 옮기려고시도하던 중<e1>가스가 누출</e1>되면서 원인 모를 점화원에 의하여 <e2>가스용기가 폭발</e2>함
화재	스파크(Spark)가 발생	화재	대학원생(석사과정) 2명이 나노섬유를 만드는 실험 중 나노섬유를 메탄올(Methanol)에 침지시킨 후 이를 걷어내는 과정에서 메탄올(Methanol) 용기와 주사기 사이에 형성된 고전압(10~20㎸) 부위에서 <e1>스파크(Spark)가 발생</e1>하여 <e2>화재</e2>로 이어짐.
화재	스파크	화재 발생	따라서 메탄올에 침지된 나노섬유를 걷어낼 때 고전압이 형성된 부위와 접촉이 되면 스파크가 발생하게되는데, 화재가 발생했을 당시 실험기기의 부스내에서 메탄올의 연소범위가 형성되어 <e1>스파크</e1>에 의한 <e2>화재 발생</e2>
폭발	수소가스누출	폭발사고 발생	5g을 10㎖정도 부피의 수소저장장치에서 측정하던 중 미세한 <e1>수소가스누출</e1>에 의하여 <e2>폭발사고 발생</e2>
폭발	수소가스 누출	폭발	ㅇ 수소저장장치에 보관되어 있는 <e1>수소가스 누출</e1>에 의한 <e2>폭발</e2>
화재	작업 미숙	화재	ㅇ마그네슘(이하 Mg)를 이용해 경량합금에 관한 연구를 하는 실험을 수행하던 중 담당 연구원(금속공학과 석사과정 1학기)의 <e1>작업 미숙</e1>에 의한 Mg 용융액 누출에 의한 소규모 <e2>화재</e2> 및 연구원 화상 재해가 발생.
화재	Mg 용융액 누출	화재	ㅇ마그네슘(이하 Mg)를 이용해 경량합금에 관한 연구를 하는 실험을 수행하던 중 담당 연구원(금속공학과 석사과정 1학기)의 작업 미숙에 의한 <e1>Mg 용융액 누출</e1>에 의한 소규모 <e2>화재</e2> 및 연구원 화상 재해가 발생.
화재	미숙한 용융액 처리	화재 발생	-이 과정에서 실험자의 <e1>미숙한 용융액 처리</e1>로 인하여 1차<e2>화재 발생</e2>
화재	아연분말	발화	아연과 수산화나트륨을 이용한 “구리로부터 금제법”실험을 실시한 후 실험실을 정리정돈하는 과정에서 소량의 아연분말을 휴지통에 버려, <e1>아연분말</e1>과 공기의 혼합물이 <e2>발화</e2>.
화재	공기의 혼합물	발화	아연과 수산화나트륨을 이용한 “구리로부터 금제법”실험을 실시한 후 실험실을 정리정돈하는 과정에서 소량의 아연분말을 휴지통에 버려, 아연분말과 <e1>공기의 혼합물</e1>이 <e2>발화</e2>.
폭발	괴상 형태로 변질	시약이폭발	시약은 KNO3(질산칼륨) 및 KClO4(과염소산칼륨)으로써 원래는 분말 형태의 물질이었지만 실험실 내 장기보관 중이었기 때문에 수분 등으로 인하여 <e1>괴상 형태로 변질</e1>되었기에 막자사발 및 막자를 이용하여 분쇄하던 중 충격에 의해 <e2>시약이폭발</e2>한 사고
폭발	분쇄하던 중 충격	시약이폭발	시약은 KNO3(질산칼륨) 및 KClO4(과염소산칼륨)으로써 원래는 분말 형태의 물질이었지만 실험실 내 장기보관 중이었기 때문에 수분 등으로 인하여 괴상 형태로 변질되었기에 막자사발 및 막자를 이용하여 <e1>분쇄하던 중 충격</e1>에 의해 <e2>시약이폭발</e2>한 사고
화재	환기설비의전원부의 과부하	화재가 발생	클린룸 내의 오염공기를 외부로 배출하기 위해 클린룸 상부에 설치된 환기설비와 관련하여 <e1>환기설비의전원부의 과부하</e1>로 인한 과열로 고무재질의 환기관(벨로우즈 타입)에 인화하여 <e2>화재가 발생</e2>된 것으로추정
화재	과열	화재가 발생	클린룸 내의 오염공기를 외부로 배출하기 위해 클린룸 상부에 설치된 환기설비와 관련하여 환기설비의전원부의 과부하로 인한 <e1>과열</e1>로 고무재질의 환기관(벨로우즈 타입)에 인화하여 <e2>화재가 발생</e2>된 것으로추정
폭발	가연성 가스	폭발 발생	ㅇ 회분식 반응기(10리터 용량)를 사용하여 물을 용재로 사용하는 중합 실험을 하는 반응초기단계에서 드레인라인을 통해 <e1>가연성 가스</e1>인 1,3-부타디엔과 인화성 액체 등 반응내용물이 전량 누출되어 <e2>폭발 발생</e2>
폭발	인화성 액체	폭발 발생	ㅇ 회분식 반응기(10리터 용량)를 사용하여 물을 용재로 사용하는 중합 실험을 하는 반응초기단계에서 드레인라인을 통해 가연성 가스인 1,3-부타디엔과 <e1>인화성 액체</e1> 등 반응내용물이 전량 누출되어 <e2>폭발 발생</e2>
폭발	메탄올을 붓는 중	폭발	-  불꽃반응을 활발하게 하기 위하여 <e1>메탄올을 붓는 중</e1> <e2>폭발</e2>함으로써 학생 10명이 화상을 입은 사고임
폭발	증기와 공기의혼합물	폭발 발생	ㅇ 화재, 폭발의 위험성이 매우 큰 메탄올을 화염이 있는 상태에서 사용함에 있어 다량을 사용함으로써, <e1>증기와 공기의혼합물</e1>에 의한 <e2>폭발 발생</e2>
화재	온도 조절기의 고장	화재가 발생	건조기의 <e1>온도 조절기의 고장</e1> 또는 누전 등의 전기적 원인에 의해 <e2>화재가 발생</e2>한 것으로 추정
화재	누전	화재가 발생	건조기의 온도 조절기의 고장 또는 <e1>누전</e1> 등의 전기적 원인에 의해 <e2>화재가 발생</e2>한 것으로 추정
화재	전기적	화재가 발생	건조기의 온도 조절기의 고장 또는 누전 등의 <e1>전기적</e1> 원인에 의해 <e2>화재가 발생</e2>한 것으로 추정
화재	용접불티	가연물 등에 착화	지하 1 층 에스컬레이터#1⋅2 의 측면 도시가스(LNG)배관 용접작업 중 <e1>용접불티</e1>의 비산에 의해주위의 인화성물질 또는 <e2>가연물 등에 착화</e2>되어 화재로 진행된 것으로 추정된다.
화재	용접불티	화재로 진행	지하 1 층 에스컬레이터#1⋅2 의 측면 도시가스(LNG)배관 용접작업 중 <e1>용접불티</e1>의 비산에 의해주위의 인화성물질 또는 가연물 등에 착화되어 <e2>화재로 진행</e2>된 것으로 추정된다.
화재	내절연성능이 저하	화재가  발생	□ (수분·분진  시험)  공조기  주변에  용융흔적이  발견된  사례  등을근거로  수분,  분진,  염수  등의  환경을  배터리  시스템에  모사하여절연성능  저하  가능성을  시험한  결과,  특정社 배터리에서 모듈  <e1>내절연성능이 저하</e1>되면서 <e2>화재가  발생</e2>하였다.
화재	절연이  파괴	화재가 발생	-  배터리 모듈내에 결로의  생성과  건조가  반복(Dry  Band)되면서 먼지가눌러  붙고  이로 인해 셀과  모듈  외함간  접지부분에서  <e1>절연이  파괴</e1>되고 <e2>화재가 발생</e2>할  수  있음을  확인하였다.
화재	배터리  보관불량	화재가 발생	③ (설치  부주의)  <e1>배터리  보관불량</e1>,  오결선  등  ESS  설치  부주의시에<e2>화재가 발생</e2>할  수  있음을  확인하였다.
화재	오결선	화재가 발생	③ (설치  부주의)  배터리  보관불량,  <e1>오결선</e1>  등  ESS  설치  부주의시에<e2>화재가 발생</e2>할  수  있음을  확인하였다.
화재	설치  부주의	화재가 발생	③ (설치  부주의)  배터리  보관불량,  오결선  등  ESS  <e1>설치  부주의</e1>시에<e2>화재가 발생</e2>할  수  있음을  확인하였다.
화재	미세한  금속분말	화재가 발생	승강기가 재가동되었을 때 장비의 진동으로 인해  <e1>미세한  금속분말</e1>이 공기  중으로  부유하였고,이어 순간적으로 <e2>화재가 발생</e2>하였다.
화재	금속분진	사고가 발생	2 차 사고가 발생한 지 2 개월이 지나서 <e1>금속분진</e1>에 의한 3 차 <e2>사고가 발생</e2>하였다.
화재	불씨	분진에 착화	다수의 목격자가 공기 중에 떠있는 불씨를 보았고, 이 <e1>불씨</e1>가 부유된 <e2>분진에 착화</e2>되어 화재가발생하였다고  진술하였다.
화재	불씨	화재가발생	다수의 목격자가 공기 중에 떠있는 불씨를 보았고, 이 <e1>불씨</e1>가 부유된 분진에 착화되어 <e2>화재가발생</e2>하였다고  진술하였다.
화재	전기 누전	화재가 발생	2010 년  10 월  1 일  11 시  30 분경, 부산 해운대구의 고급  오피스텔인 우신골든  스위트  4 층에서 <e1>전기 누전</e1>으로 인한 <e2>화재가 발생</e2>하였다.
화재	절연  손상	발화	1호  병실  천장에  설치된  환풍기에서  모터  권선의  <e1>절연  손상</e1>으로  인한  층간  단락으로<e2>발화</e2>되어 천장  단열재에 착화되어 개방된 천장  내부를 통해  다른  병실 천장으로 확대되었다.
화재	절연  손상	단열재에 착화	1호  병실  천장에  설치된  환풍기에서  모터  권선의  <e1>절연  손상</e1>으로  인한  층간  단락으로발화되어 천장  <e2>단열재에 착화</e2>되어 개방된 천장  내부를 통해  다른  병실 천장으로 확대되었다.
화재	층간  단락	발화	1호  병실  천장에  설치된  환풍기에서  모터  권선의  절연  손상으로  인한  <e1>층간  단락</e1>으로<e2>발화</e2>되어 천장  단열재에 착화되어 개방된 천장  내부를 통해  다른  병실 천장으로 확대되었다.
화재	층간  단락	단열재에 착화	1호  병실  천장에  설치된  환풍기에서  모터  권선의  절연  손상으로  인한  <e1>층간  단락</e1>으로발화되어 천장  <e2>단열재에 착화</e2>되어 개방된 천장  내부를 통해  다른  병실 천장으로 확대되었다.
화재	전기히터  복사열	발화	화재는  거주자가  외출한  상태인  4호실에서  발화되었으며  선풍기형  전기히터가  발견된  침대좌측  부분에서부터  확산된  연소형태로  화재  원인은  켜져  있는  <e1>전기히터  복사열</e1>에  의하여침대에서  <e2>발화</e2>된  것으로  추정된다.
화재	외부 충격	화재발생	- 날카로운 물체에 찍힘, 구부려짐 등 <e1>외부 충격</e1>이 가해지는 경우 전지 내부의 셀 사이의 단락으로 <e2>화재발생</e2> 가능
화재	셀 사이의 단락	화재발생	- 날카로운 물체에 찍힘, 구부려짐 등 외부 충격이 가해지는 경우 전지 내부의 <e1>셀 사이의 단락</e1>으로 <e2>화재발생</e2> 가능
화재	단락	화재발생	- 날카로운 물체에 찍힘, 구부려짐 등 외부 충격이 가해지는 경우 전지 내부의 셀 사이의 <e1>단락</e1>으로 <e2>화재발생</e2> 가능
화재	고온 환경	화재 발생	- <e1>고온 환경</e1>에 노출되면 내부의 압력이 높아지는 스웰링 현상으로 인한 외형 변화 및 이에 따른 내부 셀 사이에서 단락으로 <e2>화재 발생</e2> 가능
화재	스웰링 현상	화재 발생	- 고온 환경에 노출되면 내부의 압력이 높아지는 <e1>스웰링 현상</e1>으로 인한 외형 변화 및 이에 따른 내부 셀 사이에서 단락으로 <e2>화재 발생</e2> 가능
화재	외형 변화	화재 발생	- 고온 환경에 노출되면 내부의 압력이 높아지는 스웰링 현상으로 인한 <e1>외형 변화</e1> 및 이에 따른 내부 셀 사이에서 단락으로 <e2>화재 발생</e2> 가능
화재	셀 사이에서 단락	화재 발생	- 고온 환경에 노출되면 내부의 압력이 높아지는 스웰링 현상으로 인한 외형 변화 및 이에 따른 내부 <e1>셀 사이에서 단락</e1>으로 <e2>화재 발생</e2> 가능
화재	단락	화재 발생	- 고온 환경에 노출되면 내부의 압력이 높아지는 스웰링 현상으로 인한 외형 변화 및 이에 따른 내부 셀 사이에서 <e1>단락</e1>으로 <e2>화재 발생</e2> 가능
화재	과충전	화재 발생	- 설정 전압 또는 설정 용량 이상으로 <e1>과충전</e1>하는 경우 양극에서 산소가 발생하게 되며, 산소가  전해질  내에서  유기화합물과  반응하여  셀  내부의  압력을  증가시키고,  증가된  내부  압력에의해 전지 내부의 셀 사이에서 단락으로 <e2>화재 발생</e2> 가능
화재	증가된  내부  압력	화재 발생	- 설정 전압 또는 설정 용량 이상으로 과충전하는 경우 양극에서 산소가 발생하게 되며, 산소가  전해질  내에서  유기화합물과  반응하여  셀  내부의  압력을  증가시키고,  <e1>증가된  내부  압력</e1>에의해 전지 내부의 셀 사이에서 단락으로 <e2>화재 발생</e2> 가능
화재	셀 사이에서 단락	화재 발생	- 설정 전압 또는 설정 용량 이상으로 과충전하는 경우 양극에서 산소가 발생하게 되며, 산소가  전해질  내에서  유기화합물과  반응하여  셀  내부의  압력을  증가시키고,  증가된  내부  압력에의해 전지 내부의 <e1>셀 사이에서 단락</e1>으로 <e2>화재 발생</e2> 가능
화재	단락	화재 발생	- 설정 전압 또는 설정 용량 이상으로 과충전하는 경우 양극에서 산소가 발생하게 되며, 산소가  전해질  내에서  유기화합물과  반응하여  셀  내부의  압력을  증가시키고,  증가된  내부  압력에의해 전지 내부의 셀 사이에서 <e1>단락</e1>으로 <e2>화재 발생</e2> 가능
폭발	이소부탄이  누출	폭발	2016 년 11 월 22 일 미국 루지에나 주도인 배톤루즈  소재의  엑손모빌(ExxonMobil)  정제공장내의유황산 알킬레이션 공정실(sulfuric acid alkylationunit)에서  <e1>이소부탄이  누출</e1>되면서  <e2>폭발</e2>화재가  발생했으며 이 사고로 4 명이 부상을 입었다.
화재	이소부탄이  누출	화재가  발생	2016 년 11 월 22 일 미국 루지에나 주도인 배톤루즈  소재의  엑손모빌(ExxonMobil)  정제공장내의유황산 알킬레이션 공정실(sulfuric acid alkylationunit)에서  <e1>이소부탄이  누출</e1>되면서  폭발<e2>화재가  발생</e2>했으며 이 사고로 4 명이 부상을 입었다.
폭발	누출된  이소부탄	폭발	<e1>누출된  이소부탄</e1>은  30 초가 지난  후  점화원에  도달했으며  공정실내의  증기운에도  점화되면서<e2>폭발</e2>화재가 발생했고 이로 인해 공정실 내 작업자 네 명이 심각한 화상을 입었다.
폭발	증기운에도  점화	폭발	누출된  이소부탄은  30 초가 지난  후  점화원에  도달했으며  공정실내의  <e1>증기운에도  점화</e1>되면서<e2>폭발</e2>화재가 발생했고 이로 인해 공정실 내 작업자 네 명이 심각한 화상을 입었다.
화재	누출된  이소부탄	화재가 발생	<e1>누출된  이소부탄</e1>은  30 초가 지난  후  점화원에  도달했으며  공정실내의  증기운에도  점화되면서폭발<e2>화재가 발생</e2>했고 이로 인해 공정실 내 작업자 네 명이 심각한 화상을 입었다.
화재	증기운에도  점화	화재가 발생	누출된  이소부탄은  30 초가 지난  후  점화원에  도달했으며  공정실내의  <e1>증기운에도  점화</e1>되면서폭발<e2>화재가 발생</e2>했고 이로 인해 공정실 내 작업자 네 명이 심각한 화상을 입었다.
화재	절연열화	발화	조사과정에서 1 층의 14 구획 북동쪽 기둥의 2 구 매설 콘센트에 꽂혀져 있던 3 선 코드는 배선기구 사용 없이 접속된 후 다시 분기된 상태로 확인되어 배선접속부를 확인한바 절연비닐테이프가 소실되고, 3 선 코드 중 2 선의 접속부분은 결손되고 남아있는 심선(心線)에 단락 흔적이확인되었기 때문에 코드를 다시 분기배선한 부분에서 비닐테이프의 <e1>절연열화</e1>에 의한 단락으로<e2>발화</e2>한 것으로 결론지었다
화재	단락	발화	조사과정에서 1 층의 14 구획 북동쪽 기둥의 2 구 매설 콘센트에 꽂혀져 있던 3 선 코드는 배선기구 사용 없이 접속된 후 다시 분기된 상태로 확인되어 배선접속부를 확인한바 절연비닐테이프가 소실되고, 3 선 코드 중 2 선의 접속부분은 결손되고 남아있는 심선(心線)에 단락 흔적이확인되었기 때문에 코드를 다시 분기배선한 부분에서 비닐테이프의 절연열화에 의한 <e1>단락</e1>으로<e2>발화</e2>한 것으로 결론지었다
폭발	수소가스  방출	폭발	<e1>수소가스  방출</e1>이  시작된  지  얼마  지나지  않아  불이  붙으면서  대규모  <e2>폭발</e2>과  화재가  발생하였다.
화재	수소가스  방출	화재가  발생	<e1>수소가스  방출</e1>이  시작된  지  얼마  지나지  않아  불이  붙으면서  대규모  폭발과  <e2>화재가  발생</e2>하였다.
폭발	화학물질들이  반응	폭발	그  <e1>화학물질들이  반응</e1>하여  수소  가스를  생성하고 발화원을 찾아 점화되어 <e2>폭발</e2>을 일으켰다.
폭발	발화원을 찾아 점화	폭발	그  화학물질들이  반응하여  수소  가스를  생성하고 <e1>발화원을 찾아 점화</e1>되어 <e2>폭발</e2>을 일으켰다.
화재	원인미상	화재가 발생	당시 건조라인 작업자는 골판지를 재 이송하기 위하여 건조라인 하부를 살펴보던 중 건조라인5 군 하부에서 <e1>원인미상</e1>의 <e2>화재가 발생</e2>한 것을 목격하였다.
화재	히터건	화재가 발생	오전  5시  15분경,  <e1>히터건</e1>이  인화성  수지가  담긴  5갤런짜리  양동이에 떨어지면서 상부탑 안에서 <e2>화재가 발생</e2>했다.
화재	인화성  수지	화재가 발생	오전  5시  15분경,  히터건이  <e1>인화성  수지</e1>가  담긴  5갤런짜리  양동이에 떨어지면서 상부탑 안에서 <e2>화재가 발생</e2>했다.
폭발	가연성 증기	폭발	사고는 2009 년 5 월 4 일 0 시 07 분에 정화 전 탱크구역의 폐기물 재생과정에서 <e1>가연성 증기</e1>가 격렬하게 <e2>폭발</e2>하면서 발생하였고, 두 명의 직원이 심각한 부상을 당했다.
화재	과부하	인화물질에 착화	1998 년 10 월, 부산시 서구 암남동의 신축 중인 범창콜드프라자 6 층 냉동창고에서 폴리우레탄폼  발포작업,  스티로  폼  부착작업  및  도장작업을  병행하다가  규격  미달의  전선에서  <e1>과부하</e1>로인하여  절연파괴와  불꽃이  발생되고  <e2>인화물질에 착화</e2>되면서  화재가  발생하여  작업자  27 명이사망하고 소방관 등 16 명이 중경상을 입은 대형참사가 있었던 값진 교훈을 헛되이 하며, 이와같은 유사한 화재사고가 재현되고 있다.
화재	과부하	화재가  발생	1998 년 10 월, 부산시 서구 암남동의 신축 중인 범창콜드프라자 6 층 냉동창고에서 폴리우레탄폼  발포작업,  스티로  폼  부착작업  및  도장작업을  병행하다가  규격  미달의  전선에서  <e1>과부하</e1>로인하여  절연파괴와  불꽃이  발생되고  인화물질에 착화되면서  <e2>화재가  발생</e2>하여  작업자  27 명이사망하고 소방관 등 16 명이 중경상을 입은 대형참사가 있었던 값진 교훈을 헛되이 하며, 이와같은 유사한 화재사고가 재현되고 있다.
화재	절연파괴	인화물질에 착화	1998 년 10 월, 부산시 서구 암남동의 신축 중인 범창콜드프라자 6 층 냉동창고에서 폴리우레탄폼  발포작업,  스티로  폼  부착작업  및  도장작업을  병행하다가  규격  미달의  전선에서  과부하로인하여  <e1>절연파괴</e1>와  불꽃이  발생되고  <e2>인화물질에 착화</e2>되면서  화재가  발생하여  작업자  27 명이사망하고 소방관 등 16 명이 중경상을 입은 대형참사가 있었던 값진 교훈을 헛되이 하며, 이와같은 유사한 화재사고가 재현되고 있다.
화재	절연파괴	화재가  발생	1998 년 10 월, 부산시 서구 암남동의 신축 중인 범창콜드프라자 6 층 냉동창고에서 폴리우레탄폼  발포작업,  스티로  폼  부착작업  및  도장작업을  병행하다가  규격  미달의  전선에서  과부하로인하여  <e1>절연파괴</e1>와  불꽃이  발생되고  인화물질에 착화되면서  <e2>화재가  발생</e2>하여  작업자  27 명이사망하고 소방관 등 16 명이 중경상을 입은 대형참사가 있었던 값진 교훈을 헛되이 하며, 이와같은 유사한 화재사고가 재현되고 있다.
화재	불꽃이  발생	인화물질에 착화	1998 년 10 월, 부산시 서구 암남동의 신축 중인 범창콜드프라자 6 층 냉동창고에서 폴리우레탄폼  발포작업,  스티로  폼  부착작업  및  도장작업을  병행하다가  규격  미달의  전선에서  과부하로인하여  절연파괴와  <e1>불꽃이  발생</e1>되고  <e2>인화물질에 착화</e2>되면서  화재가  발생하여  작업자  27 명이사망하고 소방관 등 16 명이 중경상을 입은 대형참사가 있었던 값진 교훈을 헛되이 하며, 이와같은 유사한 화재사고가 재현되고 있다.
화재	불꽃이  발생	화재가  발생	1998 년 10 월, 부산시 서구 암남동의 신축 중인 범창콜드프라자 6 층 냉동창고에서 폴리우레탄폼  발포작업,  스티로  폼  부착작업  및  도장작업을  병행하다가  규격  미달의  전선에서  과부하로인하여  절연파괴와  <e1>불꽃이  발생</e1>되고  인화물질에 착화되면서  <e2>화재가  발생</e2>하여  작업자  27 명이사망하고 소방관 등 16 명이 중경상을 입은 대형참사가 있었던 값진 교훈을 헛되이 하며, 이와같은 유사한 화재사고가 재현되고 있다.
화재	불꽃	착화	함께 200L 폴리우레탄 원료통 15 개와 용접기 4 개가 기계실에서 발견되었고, 기계실에 8 명을비롯하여 인근에서 31 명이 사망한 점을 토대로 폴리우레탄 발포작업 중에 발생한 시너 유증기가 지하층 기계실의 용접작업 중에 발생한 <e1>불꽃</e1>에 의해 <e2>착화</e2>·폭발사고가 난 것으로 추정하였다.
폭발	불꽃	폭발사고	함께 200L 폴리우레탄 원료통 15 개와 용접기 4 개가 기계실에서 발견되었고, 기계실에 8 명을비롯하여 인근에서 31 명이 사망한 점을 토대로 폴리우레탄 발포작업 중에 발생한 시너 유증기가 지하층 기계실의 용접작업 중에 발생한 <e1>불꽃</e1>에 의해 착화·<e2>폭발사고</e2>가 난 것으로 추정하였다.
화재	가연성  분진	화재발생	로스트기  내부에는  제품  생산  중에  발생한  제품  가루  등  <e1>가연성  분진</e1>이  다량  누적된  상태로<e2>화재발생</e2>시  연소확대  요인이  되었다.
화재	설탕 분진	발화	설탕  결정들이 무빙 강철 컨베이어에서 이동 중에 막혀진  배출구 근처에서 흘러내려, <e1>설탕 분진</e1>이  구획된 컨베이어 내 최소폭발농도 이상 축적되어 버렸고, 그 후에 <e2>발화</e2>되었다고 결론 내렸다.
화재	온도가 급격히 상승	화재가 발생	결국 최고기온 34 도 이상을 기록한 사고 당일, 창고 내 <e1>온도가 급격히 상승</e1>하면서 발열 반응이 일어났고 과황산나트륨이 다른 물질과 접촉돼 <e2>화재가 발생</e2>했다고 경찰이 발표하였다.
화재	발열 반응	화재가 발생	결국 최고기온 34 도 이상을 기록한 사고 당일, 창고 내 온도가 급격히 상승하면서 <e1>발열 반응</e1>이 일어났고 과황산나트륨이 다른 물질과 접촉돼 <e2>화재가 발생</e2>했다고 경찰이 발표하였다.
화재	과황산나트륨이 다른 물질과 접촉	화재가 발생	결국 최고기온 34 도 이상을 기록한 사고 당일, 창고 내 온도가 급격히 상승하면서 발열 반응이 일어났고 <e1>과황산나트륨이 다른 물질과 접촉</e1>돼 <e2>화재가 발생</e2>했다고 경찰이 발표하였다.
화재	시너 유증기	착화	당초 소방당국에서는 10 초 간격으로 3 회의 연쇄폭발이 발생한 후 동시 다발적으로 지하층 전체로  화재가 급속히 확산되었다는 목격자의 진술과 함께  200L 폴리우레탄 원료통  15 개와 용접기 4 개가 기계실에서 발견되었고, 기계실에 8 명을 비롯하여 인근에서 31 명이 사망한 점을토대로 폴리우레탄 발포작업 중에 발생한 <e1>시너 유증기</e1>가 지하층 기계실의 용접작업 중에 발생한 불꽃에 의해 <e2>착화</e2>·폭발사고가 난 것으로 추정하였다.
화재	불꽃	착화	당초 소방당국에서는 10 초 간격으로 3 회의 연쇄폭발이 발생한 후 동시 다발적으로 지하층 전체로  화재가 급속히 확산되었다는 목격자의 진술과 함께  200L 폴리우레탄 원료통  15 개와 용접기 4 개가 기계실에서 발견되었고, 기계실에 8 명을 비롯하여 인근에서 31 명이 사망한 점을토대로 폴리우레탄 발포작업 중에 발생한 시너 유증기가 지하층 기계실의 용접작업 중에 발생한 <e1>불꽃</e1>에 의해 <e2>착화</e2>·폭발사고가 난 것으로 추정하였다.
폭발	시너 유증기	폭발사고	당초 소방당국에서는 10 초 간격으로 3 회의 연쇄폭발이 발생한 후 동시 다발적으로 지하층 전체로  화재가 급속히 확산되었다는 목격자의 진술과 함께  200L 폴리우레탄 원료통  15 개와 용접기 4 개가 기계실에서 발견되었고, 기계실에 8 명을 비롯하여 인근에서 31 명이 사망한 점을토대로 폴리우레탄 발포작업 중에 발생한 <e1>시너 유증기</e1>가 지하층 기계실의 용접작업 중에 발생한 불꽃에 의해 착화·<e2>폭발사고</e2>가 난 것으로 추정하였다.
폭발	불꽃	폭발사고	당초 소방당국에서는 10 초 간격으로 3 회의 연쇄폭발이 발생한 후 동시 다발적으로 지하층 전체로  화재가 급속히 확산되었다는 목격자의 진술과 함께  200L 폴리우레탄 원료통  15 개와 용접기 4 개가 기계실에서 발견되었고, 기계실에 8 명을 비롯하여 인근에서 31 명이 사망한 점을토대로 폴리우레탄 발포작업 중에 발생한 시너 유증기가 지하층 기계실의 용접작업 중에 발생한 <e1>불꽃</e1>에 의해 착화·<e2>폭발사고</e2>가 난 것으로 추정하였다.
화재	원인  미상	화재가  발생	2021년  8월  26일  화요일  밤  10시경  경상북도  칠곡군에  위치한  알루미늄  인쇄판  제조공장의전해연마  공정부분에서  <e1>원인  미상</e1>의  <e2>화재가  발생</e2>하였다.
화재	미확인 점화원	발화	그  밖의  <e2>발화</e2>원인으로  판단할  만한  특이사항은  보이지  않으며,  공장동의  전해연마  공정부분에서 <e1>미확인 점화원</e1>에 의한 착화로 추정됨.
화재	미상의  점화원	발화	2021년  3월  23일  화요일  20시경  충청남도  천안시에  위치한  제과식품공장에서  <e1>미상의  점화원</e1>에의한  <e2>발화</e2>로  추정되는  화재가  발생하였다.
화재	미상의  점화원	화재가  발생	2021년  3월  23일  화요일  20시경  충청남도  천안시에  위치한  제과식품공장에서  <e1>미상의  점화원</e1>에의한  발화로  추정되는  <e2>화재가  발생</e2>하였다.
화재	산소절단기 불꽃	발화	￭ 발화원인 : <e1>산소절단기 불꽃</e1>에 의한 <e2>발화</e2>
화재	불티	인화성 물질(누출  가스)에 착화	화재는 지상 3 층 공실(구, 키즈카페) 철거공사현장의 중앙부분의 철재 구조물을 산소-LPG 절단기를  이용하여 절단  작업 중 <e1>불티</e1>가 주변 가연물  또는  <e2>인화성 물질(누출  가스)에 착화</e2>되어 화재로 진행된 것으로 추정된다.
화재	불티	화재로 진행	화재는 지상 3 층 공실(구, 키즈카페) 철거공사현장의 중앙부분의 철재 구조물을 산소-LPG 절단기를  이용하여 절단  작업 중 <e1>불티</e1>가 주변 가연물  또는  인화성 물질(누출  가스)에 착화되어 <e2>화재로 진행</e2>된 것으로 추정된다.
화재	라텍스 중합실험	화재가 발생	2009년 1월, 대전 ○○석유화학연구소 내 실험실에서 <e1>라텍스 중합실험</e1>을 하던 중폭발로 인한 <e2>화재가 발생</e2>하여 연구원 2명이 각각 3도의 중화상을 입고 병원으로긴급 이송되었으나, 치료 도중 1명이 사망하는 사고 발생.
화재	라텍스 중합실험	화재 발생	석유화학연구소 내 실험실에서 <e1>라텍스 중합실험</e1>을 하던 중 폭발에 의한<e2>화재 발생</e2>
화재	가스폭발	화재가 발생	2020년 3월 4일 수요일 새벽 3시경 충청남도 서산시에 위치한화학공장에서 <e1>가스폭발</e1>이 원인으로 추정되는 <e2>화재가 발생</e2>하였다.
화재	과압	화재가 발생	누출된 수소가스가 폭발하는 순간, <e1>과압</e1>으로 인하여 주변지역의 분진이 다량 부유되어 확산되었고,이러한 분진에 다시 <e2>화재가 발생</e2>하였다.
화재	분진이 다량 부유	화재가 발생	누출된 수소가스가 폭발하는 순간, 과압으로 인하여 주변지역의 <e1>분진이 다량 부유</e1>되어 확산되었고,이러한 분진에 다시 <e2>화재가 발생</e2>하였다.
화재	누출된 수소가스	화재가 발생	<e1>누출된 수소가스</e1>가 폭발하는 순간, 과압으로 인하여 주변지역의 분진이 다량 부유되어 확산되었고,이러한 분진에 다시 <e2>화재가 발생</e2>하였다.
폭발	증기가 누출	폭발	<e2>폭발</e2>의 원인은 유조탱크에서 연료의 <e1>증기가 누출</e1>된 것이며, 이 사고로 43명이 부상을 입었으며 인접한 건물 및 시설에도 심각한 피해를 입혔다.
화재	절연  성능이  저하	화재가 발생	-  이로  인해  <e1>절연  성능이  저하</e1>된  직류접촉기가  폭발하여  배터리보호장치  내에  버스바와  배터리보호장치의  외함에서  2차  단락사고가 발생하면서 배터리에서 <e2>화재가 발생</e2>할 수 있음을 확인하였다.